gloss,utterance_id,utterance_gloss,speaker_role,log_frequency_bin,pos,CORRECT-2,CORRECT-3
aussi,17948035,et qu'est-ce que tu manges depuis quelques temps aussi,Mother,3,ADV,,
bien,17861730,c'est bien mon coeur o,Mother,4,ADV,,
pendant,17793365,est-ce que tu racontes un tout petit peu à Aliyah ce qu'on a fait pendant les vacances,Mother,2,ADP,PREP,
hébreu,18042971,oui y a Milena mais Mileva c'est en hébreu ça voulait dire du coeur,Investigator,0,NOUN,,
Christophe,17823588,oh ben dis_donc tu vois Christophe il a l'oeil hein plus que moi,Grandmother,3,PROPN,PROPN,
largement,17982014,donc tu vois on en a largement,Mother,0,ADV,,
donc,17982014,donc tu vois on en a largement,Mother,3,ADV,,
plus,18087425,mais je joue plus très bien,Investigator,3,ADV,,
tiens,17880362,tu regarderas le film et tu diras tiens j'avais quatre ans,Grandmother,2,VERB,,
dessus,17963524,faut tirer dessus,Father,2,ADV,,
fini,17838256,fini,Target_Child,3,ADJ,PARTICIPLE,VERB
mais,17913947,elle meurt pas hein mais elle disparaît,Target_Child,4,CCONJ,,
failli,18009554,vous avez failli tomber madame la factrice,Investigator,1,VERB,PARTICIPLE,
badge,17790432,hé mais dis_donc tu as un badge,Mother,0,NOUN,,
réussi,17821503,bravo Nanée elle a réussi,Relative,2,VERB,PARTICIPLE,
laisses,17892049,Ulysse tu laisses Julie monter,Mother,1,VERB,,
après,17873227,on pique on pique et puis après maman va encore en couper d'accord,Mother,2,PREP,ADP,
te,17840134,il est en_train de te piquer le papier où t'as noté le,Investigator,3,PRON,,
prend,17978198,ben prend un verre,Investigator,2,VERB,,
tu,17859584,tu as un salon aussi,Investigator,4,PRON,,
passe,17817296,et ça se passe aussi euh le bébé,Target_Child,2,VERB,,
oreiller,17995329,l'avait un oreiller,Target_Child,1,NOUN,,
regarde,17996618,regarde les carottes,Mother,4,VERB,,
petite,17929892,ça c'est un petit garçon xxx à côté de sa petite maison,Relative,4,ADJ,,
mal,17830576,maman elle s'y prend mal mais euh,Mother,3,ADV,,
roté,17812388,oh j'ai roté,Target_Child,0,VERB,PARTICIPLE,
achetés,18047271,tu te souviens des couverts qu'elle t'avait achetés Lili,Mother,0,VERB,PARTICIPLE,
te,17836980,tu es un coquin toi on va te donner un peu de pain quand_même peut-être non pour meubler un peu non,Father,3,PRON,,
ceux,17866320,tout ceux qui qui ont du tu vois là on dirait du ciel,Investigator,1,PRON,,
lui,17850315,ah lui il peut aller ici,Investigator,4,PRON,,
que,18107197,mais l'autre on peut pas parce que il est en verre Théophile s'il tombe ça va ça va xxx,Mother,3,SCONJ,,
encore,17929744,tu veux encore du fromage Madeleine,Investigator,3,ADV,,
ça,17879650,à quoi ça sert ce-qui a devant l'éléphant là hein,Investigator,4,PRON,,
neuf,17922346,euh vingt neuf trente trente et un trente deux trente trois,Target_Child,3,ADJ,,
cela,17918766,oh cela dit tu as un peu de retard,Mother,0,PRON,,
doué,17950198,t'es doué hein,Investigator,0,VERB,PARTICIPLE,
via,18022058,il était rattaché directement via Nissan,Father,0,ADP,PREP,
à,17997611,on va faire une voiture à l'ancienne,Mother,4,ADP,PREP,
lancé,17808446,comme Azur et Asmar vous vous êtes lancé de la terre,Investigator,1,VERB,PARTICIPLE,
comment,17843003,oui ça s'appelle comment,Mother,4,ADV,,
là,17827851,tu es pas gentil là hein,Mother,4,ADV,,
sauf,18087833,sauf que ça pousse très vite,Investigator,1,ADP,PREP,
tu,17878139,pourquoi tu voies un voleur,Investigator,4,PRON,,
gommettes,17924639,et après tu sais comment on fait pour les gommettes hein,Mother,2,NOUN,,
pleurer,17996083,faut faut me regarder parce que si on me regarde pas hum je vais pleurer,Target_Child,1,VERB,,
référence,17799610,j'ai pas encore trouvé les piles xxx j'ai pas encore trouvé les piles qui vont avec faut que je reprenne la référence,Father,0,NOUN,,
moyennement,17969600,avec des freins ça marche moyennement avec les pieds plutôt,Mother,0,ADV,,
petit,17788581,d'accord parce que celui-là il est vraiment petit tu m'en fais un moyen,Investigator,4,ADJ,,
avez,18070622,vous avez appris une chanson ce matin,Mother,2,AUX,VERB,
débarbouille,17798500,Emma se débarbouille sans rien dire mais juste avant de partir elle glisse dans son sac à trésors du rouge à lèvre des barrettes et des chouchous,Mother,0,VERB,,
attends,17853130,oui attends mon chéri maman,Mother,3,VERB,,
cuillère,17845329,du coup à défaut d' une tête on met une cuillère,Relative,3,NOUN,,
suffisamment,17798197,mais tu vas avoir quelqu'un pour garder les enfants suffisamment longtemps,Investigator,0,ADV,,
Madeleine,18003741,première composition de Madeleine,Mother,4,PROPN,PROPN,
jusque,17955075,et après il yyy je l'attends jusque qu'il arrive qu'il arrive,Target_Child,1,ADP,PREP,
à,17991912,hop et toi je te donne à manger,Target_Child,4,PREP,ADP,
centimètres,17880930,ah oui et montre montre je vais xxx calculer combien ta main elle fait de centimètres,Grandmother,1,NOUN,,
persistante,18023378,je la trouve très persistante moi,Mother,0,ADJ,,
allé,18053945,j'ai allé alors alors j'ai allé euh un une une mini fois,Friend,3,VERB,PARTICIPLE,
pas,18092697,tu disais pas ça y a quatre jours quoi,Mother,4,ADV,,
dessus,17813329,et tu as fait quoi tu as sauté dessus,Investigator,2,ADV,,
sûrement,17804876,je vais sûrement la trouver dans le coffre de l'auto,Mother,1,ADV,,
débrouilles,18090941,ça va tu te débrouilles tu te débrouilles,Grandmother,1,VERB,,
grand,17942186,le grand ours regarda son grand lit et dit quelqu'un a touché à mon grand lit,Mother,4,ADJ,,
casse,17889171,comme ça il casse la porte et puis comme ça il peut délivrer la personne tu as tu as tout_à_fait raison,Father,1,VERB,,
sous,17833708,ben il était sous la poussette,Father,2,ADP,PREP,
regarder,17887944,yyy toi tu vas regarder l'hippopotame,Target_Child,2,VERB,,
fâché,17920661,raconte à maman pourquoi tu es fâché,Mother,1,ADJ,PARTICIPLE,
ramené,17899201,j'ai ramené la petite heu,Mother,1,VERB,PARTICIPLE,
bien,17808856,est-ce que tu veux bien ramasser ce-qui est à-côté du pied d' Aliyah,Mother,3,ADV,,
chéri,17912461,lequel film mon chéri,Mother,3,NOUN,PARTICIPLE,
impeccable,18016601,là tout est formé tout va bien impeccable,Mother,1,ADJ,,
où,17876661,il est où,Mother,4,ADV,PRON,
Rex,17901897,au grand Rex tu vas faire une projection spéciale devant toute la famille,Mother,0,PROPN,PROPN,
muscles,17932227,allez fort fort fort de tous tes muscles,Mother,1,NOUN,,
lettre,17981152,oh qu'est-ce que c'est que cette lettre,Mother,2,NOUN,,
massue,17777766,y a aussi une massue,Brother,0,NOUN,,
pièce,18006972,une petite pièce,Mother,2,NOUN,,
ami,18025092,c'est un bon ami de papa et maman c'est plus qu'un ami c'est la famille,Mother,0,NOUN,,
autres,17783299,tu dis le nom des autres,Mother,2,NOUN,,
appuyait,17981967,après on appuyait sur ses joues,Target_Child,0,VERB,,
réussi,17965298,tu as vu j'ai réussi à le mettre,Target_Child,2,VERB,PARTICIPLE,
paires,17832765,trois paires de jumeaux,Mother,1,NOUN,,
vu,17769929,on en a vu plein en vacances c'est le,Mother,3,VERB,PARTICIPLE,
un,17842883,faudrait que tu fasses un deal avec Nanée,Investigator,2,DET,,
ainsi,17963165,et ainsi de suite,Friend,0,ADV,,
dures,17987570,il est nul on peut même pas changer les robes elles sont trop dures à mettre,Target_Child,0,ADJ,,
ambidextre,17991557,je suis pas ambidextre comme toi,Investigator,0,ADJ,,
bruit,17773966,faut arrêter de faire du bruit si_il_te_plaît,Mother,3,NOUN,,
mangé,18087041,est-ce que tu as assez mangé,Mother,3,VERB,PARTICIPLE,
portable,17946709,vais lui donner un petit portable,Target_Child,1,NOUN,,
présentait,17959090,je savais pas si ça allait parce qu'en fait au départ nous on nous le présentait,Sister,0,VERB,,
cours,17810611,c'est dans un autre cours la sculpture,Brother,0,NOUN,,
voudrait,18031442,xxx il voudrait dire tétine,Mother,1,VERB,,
mais,17798224,elle se regarde dans le miroir c'est bizarre mais elle adore,Mother,4,CCONJ,,
fermé,17948441,fermé,Target_Child,2,ADJ,VERB,PARTICIPLE
sans,17981620,est guéri sans rien faire,Target_Child,2,ADP,PREP,
forts,18136876,c'est dans les les châteaux forts,Investigator,1,ADJ,,
autant,18022697,pas autant mais,Mother,1,ADV,,
gros,17972297,c'est gros bidon,Mother,3,ADJ,,
toi,17850618,non garde les pour toi les autres,Investigator,3,PRON,,
dans,17934453,trempez la dans l'eau ça fera un escargot tout chaud,Sister,4,PREP,ADP,
dessous,17934915,ah oui mais maintenant on voit plus ce qu'il y a dessous alors,Investigator,1,ADV,,
petit,17775057,là aussi y en a une petit peu rose,Brother,4,ADJ,,
par,18072333,c'est c'est lui qui risque d' être attrapé par toi hein,Mother,2,PREP,ADP,
je,17783361,je jette le dessin d' Ael,Target_Child,4,PRON,,
en,17882138,l'habite en Australie,Target_Child,4,PREP,ADP,
sur,17999824,sur ta tête,Mother,4,PREP,ADP,
échasse,17833988,une échasse,Target_Child,0,NOUN,,
trouver,17868042,ouais si il est là le coin mais il faut le trouver là le coin,Investigator,2,VERB,,
manges,17955280,tu manges,Investigator,2,VERB,,
bu,17807912,on a bu aussi peut-être un peu,Mother,2,VERB,PARTICIPLE,
aime,17905921,il aime bien la grenouille,Father,2,VERB,,
terrible,17968860,et c'est terrible,Target_Child,1,ADJ,,
diplôme,17987365,ton dernier diplôme c'est quoi c'est ton diplôme d' ingénieur,Mother,0,NOUN,,
il,17823074,ben il le prend naturellement comme ça,Investigator,4,PRON,,
à-côté,17951751,à-côté des éléphants,Mother,2,ADV,ADP,
biographies,18046549,donc les biographies les textes de présentation les critiques de,Mother,0,NOUN,,
dans,18145799,je suis pas tombé dans le trou coquin,Mother,4,ADP,PREP,
plus,17998895,je sais plus euh,Mother,3,ADV,,
plein,17867980,tu as plein de dents,Relative,3,ADJ,,
tu,17788545,oh c'est un peu dégoûtant ce-que tu fais Anaé,Mother,4,PRON,,
sale,17996477,oh pas dans la bouche c'est sale ouh,Investigator,2,ADJ,,
content,18052377,il est tout content hein,Mother,3,ADJ,,
autant,17856989,mais oui mon chéri tu as pas autant de cheveux,Mother,1,ADV,,
Léonard,17899693,une petite boulette pour Léonard,Mother,3,PROPN,NOUN,
bleu,17901870,et y a un petit peu de bleu là aussi ah non c'est pas ça,Mother,3,ADJ,,
trouvé,17873979,voilà c'est vite trouvé,Father,3,VERB,PARTICIPLE,
savonnés,18035321,ils sont pas savonnés mais bon,Investigator,0,VERB,ADJ,
dangereux,17969992,ah que le lui il est assis devant le camion du du du tracteur du papa et de la laie hum du_coup yyy c'est dangereux,Target_Child,2,ADJ,,
amènerai,17979008,je lui amènerai tous les trucs,Mother,0,VERB,,
normal,17845018,mais rouge c'est normal,Investigator,2,ADJ,,
jouant,17946040,on sait pas s'il essaye de charmer le fantôme euh en jouant de la flûte mais,Mother,0,VERB,VERB,
international,18044867,ho la la le ski international dis_donc,Investigator,0,ADJ,,
petite,17977646,regardez c'est c'est une petite échelle,Target_Child,4,ADJ,,
toute,17854665,en_avant toute allez dépêche toi,Mother,1,PRON,,
comment,17981986,de la flûte comment,Mother,4,ADV,,
pendant,18021386,et qu'est-ce que tu as fait pendant les vacances,Investigator,2,ADP,PREP,
sont,17850045,xxx je les ai cueillies tout_à_l'heure elles sont dans un petit bol pour toi tout_à_l'heure,Grandmother,3,VERB,,
alors,17953613,tu préfères lui mettre quoi alors,Mother,4,ADV,,
vu,17966779,c'est vrai qu'on avait vu la Belle_Au_Bois_Dormant oui,Mother,3,VERB,PARTICIPLE,
jolie,17969527,oui mais maintenant sa jolie laie vient pour avec sa pelle,Target_Child,2,ADJ,,
entier,17935894,et c'était un univers entier de chocolat ici,Mother,1,ADJ,,
fait,17809990,il le pousse il le fait tomber,Mother,4,VERB,,
plus,17972412,pourtant j'ai dormi un peu plus que d'habitude,Mother,3,ADV,,
dur,17821968,attends c'est dur c'est parce que,Grandmother,3,ADJ,,
Kapla,17903387,montre moi qu'est-ce que est-ce que avec les Kapla tu arriverais à faire un truc que les comme les oiseaux ils ils vont casser,Investigator,1,PROPN,PROPN,
seules,17791301,mais elles sont tombées tout seules,Target_Child,0,ADJ,,
perles,18002106,euh les billes les perles pardon,Mother,1,NOUN,,
froid,17779497,parce qu'ils vont avoir froid regarde ils sont tout nus,Mother,2,NOUN,,
placé,17954294,on l'a pas bien placé,Friend,0,VERB,PARTICIPLE,
cru,18037647,thon cru,Mother,0,ADJ,,
revenu,17857339,ça_y_est Matthieu est revenu euh,Mother,0,VERB,PARTICIPLE,
gardé,18031493,ils étaient tellement enveloppés je sentais plus rien je croyais qu'ils avaient gardé que le corps,Mother,1,VERB,PARTICIPLE,
cherchait,17971543,il cherchait des baies,Target_Child,1,VERB,,
a,17970464,mh ça a l'air très bon la pâtisserie,Target_Child,4,VERB,,
suffisamment,17828152,encore suffisamment souple et qui ait cette forme là dans la remise,Relative,0,ADV,,
après,18010954,et après un bon bain d'accord,Mother,2,PREP,ADP,
collante,17924724,elle est un_peu collante hum,Mother,0,ADJ,,
mangé,17908543,tu en as déjà assez mangé tout_à_l'heure clair que,Mother,3,VERB,PARTICIPLE,
même,17808477,il ne parle même pas lui,Target_Child,1,ADJ,,
retourné,17886911,parce que parce que est retourné là et après ɛ s'est sauvé,Target_Child,1,VERB,PARTICIPLE,
Yona,18091522,montre montre ton garage montre ton garage et tes voitures à Yona elle les connaît pas,Mother,2,PROPN,NOUN,
nourriture,17835271,surtout avec ce genre de nourriture,Investigator,1,NOUN,,
intéresse,18016460,tu as qu'à faire celui des couleurs jusqu'à ce-que ce soit une couleur qui nous intéresse,Mother,0,VERB,,
plus,18101990,plus l'agitation,Mother,3,ADV,,
ils,18027529,non ils sont en_bas euh,Target_Child,3,PRON,,
bien,18071929,xxx quoique oui je veux bien,Father,3,ADV,,
tranquille,17961972,laisse le laisse laisse laisse laisse Guillaume tranquille,Investigator,2,ADJ,,
passe,17857573,qu'est-ce qui se passe,Mother,2,VERB,,
petit,18027253,moi ai trouvé un un petit bout de truc,Target_Child,4,ADJ,,
cachée,17910021,oui je l'ai cachée,Father,2,VERB,PARTICIPLE,
petits,17802501,et les petits chats,Mother,4,ADJ,,
là,17820860,tu dis il pleut oh là là oh là là tu sais le ciel il est gris han il fait pas beau il fait froid,Mother,4,ADV,,
tombé,17995117,c'est bien tombé alors,Investigator,3,VERB,PARTICIPLE,
cher,18022189,je me disais oui c'est bien cher,Investigator,0,ADJ,,
filmer,17790120,yyy me filme me filmer avec des livres,Target_Child,2,VERB,,
quand,17842858,tu as mouché fort quand,Mother,3,SCONJ,ADV,
sales,17992220,t'as les mains toutes sales mon amour maintenant faut se laver les mains,Mother,1,ADJ,,
mélangé,17952608,z l'ai mélangé,Target_Child,1,VERB,PARTICIPLE,
trouvé,18065998,yyy trouvé,Target_Child,3,VERB,PARTICIPLE,
premièrement,17803937,premièrement il est un peu petit deuxièmement y a des trucs qui vont lui arracher les fesses euh si je le laisse comme ça enfin temps que je l'utilise pas,Father,0,ADV,,
se,17972805,et après on a on a commencé à se dire mais euh on n' a pas de nouvelle,Target_Child,3,PRON,,
remélanger,17840235,et le pire c'est que mercredi comme il en restait un petit morceau il me disait ben hier je vais je vais remélanger je dis comme ça mélanger avec de de l'escalope de dinde,Investigator,0,VERB,,
ça,17970606,tu dois tu dois ranger ça,Target_Child,4,PRON,,
moine,17983074,donc le moine venait dans la maison où les gens peuvent venir dormir,Target_Child,0,NOUN,,
lundi,17817794,lundi,Investigator,2,NOUN,,
masque,18041970,mais tu sais c'est masque tu vois pas son masque,Mother,1,NOUN,,
disaient,17924150,comme ils étaient à chaque fois qu'ils faisaient un chat ils disaient oh moi aussi je voudrais voudrais bien marcher,Target_Child,0,VERB,,
Léonard,17908506,attends Léonard,Mother,3,PROPN,NOUN,
cours,17785933,donc j'ai fait cours oui pour le d u,Mother,0,NOUN,,
cassé,17906750,j'en veux pas quand c'est cassé,Target_Child,3,ADJ,PARTICIPLE,
dit,17904092,on a dit de faire attention au sapin hein,Mother,4,VERB,PARTICIPLE,
moche,17812975,ben non c'est pas moche,Mother,1,ADJ,,
va,18003073,ça te va Théophile,Father,4,VERB,,
gagné,18005223,gagné,Mother,2,ADJ,VERB,PARTICIPLE
comme,17923389,oui oui ben et si tu me laisses passer comme ça je pourrais lui dire,Mother,4,ADV,SCONJ,
demain,17993854,et oui c'est pour Harousia demain ça,Mother,3,ADV,,
à-côté,17789006,il va à-côté de son frère,Target_Child,2,ADV,ADP,
bien,17883365,et Charly il avait dit à Ulysse qu'il voulait bien venir jouer avec toi et que il il construirait aussi un zoo,Mother,3,ADV,,
comme,17771950,c'est quoi ça comme animal,Mother,3,ADV,ADP,PREP
dans,17777723,y en pas dans la poussette,Brother,4,PREP,ADP,
cassé,17901115,il a cassé il il a cassé ça,Target_Child,3,VERB,PARTICIPLE,
petit,17913613,mais il marche un petit peu,Target_Child,4,ADJ,,
que,17779851,qu'est-ce que c'est,Mother,4,SCONJ,,
fou,17875700,de jouer le fou,Investigator,2,NOUN,,
sans,17838677,quinze jours quand ils ont euh six enfin sept ans huit ans à_partir de dix ans sans problème tu vois,Mother,2,PREP,ADP,
vu,17928405,tu as vu,Mother,3,VERB,PARTICIPLE,
directement,17890335,ah oui comme ça la lance elle éteint directement le la flamme,Father,1,ADV,,
sinon,18037370,on finit vite la souris sinon,Mother,3,CCONJ,,
après,17773626,puis il fait la vaisselle après aussi,Mother,2,ADV,,
génial,17914266,génial et le sept,Mother,3,ADJ,,
as,18008207,tu as l'impression d' avoir des électrocardiogrammes,Mother,4,VERB,,
que,18026847,ouais mais c'est embêtant parce que du coup il part,Mother,4,SCONJ,,
lui,17845703,regarde zə lui mets des dents des dents des des dents verts,Target_Child,4,PRON,,
que,17894528,qu'est-ce que ça veut dire pch pch pch pch,Investigator,4,SCONJ,,
fous,17771424,non moi je m'en fous c'est juste,Mother,0,VERB,,
rouge,17861947,c'est rouge,Investigator,3,ADJ,,
rentrait,17885734,et tu te souviens qu'on a dit que si tu n' obéissais pas on rentrait,Mother,0,VERB,,
seule,17769261,toute seule,Mother,3,ADJ,,
comment,18070389,et comment il était euh comment il était déguisé grand papou,Mother,4,ADV,,
bêtises,17825783,alors tu ne fais pas des bêtises comme tu viens de faire là,Mother,2,NOUN,,
décanté,18019353,a_priori ça s'est un peu décanté mais je te raconterai je t'expliquerai,Mother,0,VERB,PARTICIPLE,
passé,17921355,moi j'ai juste passé devant quand on était chez le dentiste,Target_Child,1,VERB,PARTICIPLE,
impressionnant,17858157,ça c'est impressionnant ça,Investigator,1,ADJ,,
rayons,17983992,hein après ça se prendrait dans les rayons,Investigator,0,NOUN,,
loin,17913247,tu es bien loin de nous,Mother,2,ADV,,
tu,17917265,tu voulais qu'on lui montre xxx la dernière fois,Mother,4,PRON,,
entendu,18097878,ah j'ai pas entendu,Mother,2,VERB,PARTICIPLE,
pâtissier,17830942,alors il était pas du tout pâtissier c'était que le pain,Investigator,0,NOUN,,
autres,17904065,xxx ça peut pas t'aider les autres là,Father,2,NOUN,,
rouges,17995314,ah la des rouges ici,Target_Child,2,ADJ,NOUN,
chouette,17809384,c'est une chouette et un pingouin je crois,Brother,2,NOUN,,
au,18006443,mais elle est elle est au téléphone ça fait rien elle va arriver on n' a qu'à discuter,Investigator,3,PREP,ADP,
je,17908685,je peux je peux je peux dessiner euh,Target_Child,4,PRON,,
lesquelles,17882970,mais il faut d'abord ranger un petit peu les choses avec lesquelles tu joues plus,Mother,1,PRON,,
masqué,17935613,le masqué mais c'est qui c'est qui le masqué,Father,1,NOUN,,
tu,17805118,Anaé tu allée à la plage cette année,Investigator,4,PRON,,
marche,17914879,et il marche,Target_Child,2,VERB,,
mais,17955363,euh oui mais enfin ça fait pas quinze jours qu'il fait chaud hein,Grandmother,4,CCONJ,,
jaunes,17791828,et et les skis ils étaient jaunes,Investigator,2,ADJ,,
délicieux,17941218,délicieux,Caretaker,2,ADJ,,
sauf,17970873,sauf que toi y a pas de bonbons dessus,Target_Child,1,ADP,PREP,
viens,17875057,tu viens lui faire un câlin à maman,Mother,3,VERB,,
fabriqué,17969116,c'est un petit garçon qu'a fabriqué ça et qui s'est mis du feutre partout sur la figure,Mother,1,VERB,PARTICIPLE,
crois,17959813,tu crois qu'elle a deviné,Mother,3,VERB,,
guéri,17855864,il dit vivement que tu sois guéri pour bien t'occuper de lui maman elle dit,Investigator,1,ADJ,,
à,17791986,à sa gorge,Mother,4,PREP,ADP,
vous,18046598,je vais peut-être vous sortir du bain quand_même,Mother,3,PRON,,
délicatement,17845605,tu poses délicatement,Mother,0,ADV,,
jouent,17817757,ils jouent,Target_Child,1,VERB,,
maman,17834111,merci maman,Mother,4,NOUN,,
Marilou,17806768,bah non y avait Marilou,Mother,1,PROPN,NOUN,
arrosé,17925825,ouh papapa attention parce que c'est mouillé j'ai arrosé,Friend,1,VERB,PARTICIPLE,
dans,17814278,c'est le singe qui va dans la malle,Investigator,4,PREP,ADP,
beaux,18021812,tu montreras à Philippe que tu as des très beaux vers dans la vitrine,Investigator,2,ADJ,,
on,17776875,et on n' a pas trop vu sa taille,Brother,4,PRON,,
orange,18005126,tu es sûr amour orange,Mother,2,ADJ,,
génial,17968008,c'est génial,Investigator,3,ADJ,,
cache,17917069,on le cache,Mother,2,VERB,,
je,17845585,je vais rapporter un petit+suisse,Mother,4,PRON,,
vas,17820837,on va faire un test mais à mon avis tu vas pas être content,Investigator,3,VERB,,
lui,17800329,mais ça va lui faire quoi si il en mange,Investigator,4,PRON,,
neuf,17973761,un deux trois quatre cinq six sept huit neuf dix,Mother,3,NUM,,
vrai,17874508,c'est Antoine qui fait du vélo c'est vrai tu fais du vélo toi c'est bien,Investigator,4,ADJ,,
comme,17885654,ben oui tu es allé comme un fou,Investigator,3,ADV,SCONJ,
debout,17997438,tu restes debout tu restes debout,Mother,2,ADV,,
telle,17930599,non on code des transcriptions on regarde ce-que les enfants ont dit et en_fonction de ce qu'ils ont dit on note ben ils ont ils ont fait ça dans telle situation dans telle circonstance,Investigator,0,ADJ,,
telle,17930599,non on code des transcriptions on regarde ce-que les enfants ont dit et en_fonction de ce qu'ils ont dit on note ben ils ont ils ont fait ça dans telle situation dans telle circonstance,Investigator,0,ADJ,,
vu,17782663,j'ai vu les morceaux détachés dans une boîte et j'ai vu il manque il faut une poutre pour le toit,Brother,3,VERB,PARTICIPLE,
pas,17840127,et je sais pas tu as fini ou pas,Relative,4,ADV,,
lave,17902709,viens que je te lave le dos,Mother,1,VERB,,
chocolat,17899525,chocolat chaud,Target_Child,3,NOUN,,
fait,17929506,qu'est-ce qu'on fait avec ce petit garçon,Mother,4,VERB,,
tant,17846804,ah bon tant que ça,Father,0,ADV,,
normale,18015568,j'sais pas si elle mange pas des avocats fais fais la salade normale c'est pas grave si elle mange pas,Investigator,0,ADJ,,
tranche,17863250,montre moi où tu vois elle tranche,Media,0,VERB,,
bondir,17887053,mais quand Tchoupi s'approche le chien se met à bondir dans tous les sens,Caretaker,0,VERB,,
lui,17937173,on va lui mettre un nez rouge au crocodile comme ça il devient un clown,Mother,4,PRON,,
pour,17859185,c'est pour faire marcher les musiques,Investigator,4,PREP,ADP,
autres,17986238,bon allez maintenant on doit faire manger les trois autres,Target_Child,2,NOUN,,
gagné,17954328,ah j'ai gagné,Target_Child,2,VERB,PARTICIPLE,
dans,17812804,elle était déjà là l'année dernière cette maîtresse dans l'école,Investigator,4,PREP,ADP,
pris,17982379,c'est qui la pris le bouchon,Friend,3,VERB,PARTICIPLE,
papa,17914363,mais papa il aime ça hein,Mother,4,NOUN,,
grossit,17808098,et et xxx et aussi et bah bah bah il a donné à quelqu'un et et et la lune elle était petite et elle elle elle grossit,Target_Child,0,VERB,,
crevette,17807839,la crevette qui s'agite,Investigator,0,NOUN,,
je,18020665,beh je joue une petite heure,Father,4,PRON,,
devant,17813405,ta main devant ta bouche,Mother,2,ADP,PREP,
acheté,17862974,mais j'en ai acheté sept de vingt quatre mois,Mother,2,VERB,PARTICIPLE,
trouvé,17983244,oui regarde oui trouvé,Mother,3,VERB,PARTICIPLE,
passe,17870217,et passe,Target_Child,2,VERB,,
contre,17847274,non regarde là contre la grille,Investigator,1,PREP,ADP,
au,18043787,tu es allé au ski,Investigator,3,PREP,ADP,
soufflée,17764268,qu'est-ce que tu as fait hier tu l'as soufflée la bougie,Mother,0,VERB,PARTICIPLE,
gros,18065859,xxx gros poisson,Mother,3,ADJ,,
la,17866384,montre moi où tu vois la plante,Media,3,DET,,
force,18065841,xxx j'y suis allée là on a on a marché euh ensemble il a eu la force on a marché à deux à l'heure mais,Mother,0,NOUN,,
du,17949364,regarde le tablier du marmiton,Mother,4,PREP,,
maintenant,17837971,oui alors moi j'appuie là et toi maintenant tu appuies,Grandmother,3,ADV,,
pas,17860442,pas tout_de_suite d'accord,Investigator,4,ADV,,
enfonce,17792056,enfonce bien,Investigator,0,VERB,,
eu,18065923,tu sais il a eu des ballons à gonfler tu vois là regarde,Mother,3,VERB,PARTICIPLE,
trop,17784713,on sait pas trop,Mother,3,ADV,,
glisser,17971478,pour euh glisser,Target_Child,1,VERB,,
extraordinaire,17971821,extraordinaire,Mother,1,ADJ,,
fait,17970603,je vais le faire je vais le faire euh ce-que j'ai fait en_haut,Friend,4,VERB,PARTICIPLE,
celle-ci,18036181,tu veux allumer celle-ci,Mother,2,PRON,,
voir,17775273,ah c'est quoi fais voir,Investigator,3,VERB,,
petit,17803743,petit stock,Investigator,4,ADJ,,
celle,17972712,celle qui est née en premier on va lui mettre euh Marie_un,Target_Child,2,PRON,,
longtemps,17889202,ohlàlà ça faisait longtemps qu'on n' avait plus filmé,Mother,1,ADV,,
je,17992434,je crois c'est les Télétubbies ça,Father,4,PRON,,
tu,17859497,on pourrait presque xxx je m' je m'attends presque à ce-que tu fasses des bulles avec,Investigator,4,PRON,,
brochure,17816051,d'accord ah ben faut que je pense tiens demain faut que je mette un message pour euh apporter la brochure sur Malte comme ça je vous l'apporte,Mother,0,NOUN,,
toute,17891444,c'est une toute toute toute grande brique,Mother,1,ADJ,,
fait,17935314,qu'est-ce qu'elle fait maman,Relative,4,VERB,,
montre,17968783,maintenant je te montre l'autre côté,Target_Child,2,VERB,,
pas,17896732,ils pleurent pas eux,Target_Child,4,ADV,,
choses,17983458,parce que souvent il il part il part loin à l'étranger il te rapporte des choses,Investigator,3,NOUN,,
Luke,18085146,il a un père Luke mais,Target_Child,0,PROPN,NOUN,
long,17981338,c'est moi qui ai le plus long prénom du monde là hein,Target_Child,2,ADJ,,
celui,17815554,ben tu sais Alexandre là celui celui qui a trois semaines d' écart tu sais notre couple on va les voir samedi là,Mother,2,PRON,,
est,17971902,mais il est où ton doudou,Target_Child,4,VERB,,
beurre,18007058,ben on les fait au beurre c'est bon non,Father,2,NOUN,,
chéri,17830699,bon ben t'étais pas à dix minutes près là mon chéri xxx,Father,3,NOUN,PARTICIPLE,
cassé,18001962,non c'est plus cassé,Mother,3,VERB,PARTICIPLE,
tu,17817774,est-ce que tu crois que c'est vraiment un autre enfant qu'il y a dans le miroir,Mother,4,PRON,,
maman,17826676,non maman elle est pas d'accord,Mother,4,NOUN,,
ont,17997932,ouh ils ont plein de bisous les dauphins,Mother,3,VERB,,
elle,17776909,elle est où Véro aujourd'hui,Mother,4,PRON,,
vertes,17964822,seules les chenilles seules les chenilles blanches et les chenilles vertes euh on les on les triche on les triche,Target_Child,1,ADJ,,
bien,17981774,la maîtresse elle dit ben je préfère vous refaire plusieurs exercices que vous ayez très bien à tous les exercices comme ça vous savez vous savez bien parce que j'ai pas envie de vous mettre des des mauvaises notes à l'évaluation,Target_Child,3,ADV,,
fouiller,17991717,soyez rassurée madame la baronne nous allons fouiller tout le bateau,Target_Child,0,VERB,,
bouillant,17826775,il a eu du mal à s'endormir à cinq heures du matin il s'est réveillé bouillant,Mother,0,ADJ,,
chambres,17800193,y a des chambres,Mother,1,NOUN,,
fait,18042509,enfin ça ça ça fait ça fait penser,Mother,4,VERB,,
celles-ci,17815210,ben celles-ci elles sont plus larges en fait,Mother,0,PRON,,
travaillé,17943452,tu as bien travaillé dis_donc,Investigator,1,VERB,PARTICIPLE,
rudement,17861285,oh ben écoute ben écoute rudement tu es rudement amorphe hein parce que avec moi tu le fais ça drôlement plus vite,Grandmother,0,ADV,,
ça,17959314,comment ça se fait,Investigator,4,PRON,,
servi,18090745,mais non parce que il s'est pas servi tu sais,Mother,0,VERB,PARTICIPLE,
gaufre,17763158,tu veux une gaufre,Mother,1,NOUN,,
maintenant,17994285,on va arrêter l'eau maintenant Théophile hein,Mother,3,ADV,,
invariables,17981059,donc en fait y a les mots invariables et ça mais les mots invariables euh je les ai appris y a une semaine,Target_Child,0,ADJ,,
hier,17792456,tu m'as aidée hier à faire le gâteau,Mother,3,ADV,,
invariable,17981212,ça veut dire quoi invariable,Investigator,0,ADJ,,
à,17796091,non non ça c'est à Pâques,Mother,4,PREP,ADP,
écrit,17944644,qu'est-ce qu'il y a écrit,Mother,2,VERB,PARTICIPLE,
plus,17933124,elle veut plus sortir,Caretaker,3,ADV,,
dedans,17996073,c'est bien de manger dehors comme ça tu fais pas de miettes dedans,Investigator,3,ADV,,
me,17821475,tu me l'apporteras le vingt sept aussi comme ça,Mother,3,PRON,,
au,17964778,bah oui mais au bout d' un moment il pleure plus,Mother,3,PREP,ADP,
ce,17780928,bah non on ira à la piscine ce sera mieux,Mother,3,PRON,,
méconnaissable,17826591,méconnaissable quoi,Mother,0,ADJ,,
fais,18098467,tu fais bien attention,Grandfather,3,VERB,,
y,18090802,ah ben y a quand_même Sarah quand_même,Investigator,4,PRON,,
répondu,17788155,tu m'as pas répondu qu'est-ce que tu veux emmener comme jouets euh à la neige,Mother,1,VERB,PARTICIPLE,
entendu,17904342,j'ai entendu la fin de ton émission,Investigator,2,VERB,PARTICIPLE,
y,17830964,euh y a que Lucie,Target_Child,4,PRON,,
tout,18036625,ouais mais tu manges pas tout ça Théophile ça fait beaucoup,Mother,4,ADJ,,
Nico,17815033,ben tu connais pas tonton Nico,Mother,1,PROPN,NOUN,
Nicolas,17853313,bah euh oui oui enfin disons qu'elle a pas mal euh je dirais qu'elle a le nez de Nicolas donc euh comme en fait un peu Antoine,Mother,2,PROPN,NOUN,
petit,17907895,euh un petit garçon et une petite fille,Target_Child,4,ADJ,,
de,17912853,parce qu'y a des problèmes de métro,Mother,4,PREP,ADP,
tutu,17958502,ton tutu,Target_Child,1,NOUN,,
jusque,17930497,et là tu disais que tu étais overbooké jusque mi janvier,Mother,1,ADP,PREP,
plus,17835732,un peu plus même deux semaines,Mother,3,ADV,,
détruit,17986257,j'aime pas quand on détruit mes constructions,Target_Child,0,VERB,,
caché,17929068,il a dit je suis au troisième joue avec tes xxx dans un coin caché,Target_Child,2,ADJ,PARTICIPLE,
orange,17974415,xxx orange orange un ballon orange,Brother,2,ADJ,,
petit,17840486,il grandit il devient un petit malin il devient un petit garçon,Mother,4,ADJ,,
fait,17845481,oh elle a fait tomber le verre,Target_Child,4,VERB,PARTICIPLE,
parce,17997596,hum hum le perroquet non parce que le le poisson jaune non parce que parce que le perroquet non parce que le le perroquet oui,Target_Child,4,SCONJ,,
petite,17927573,peut-être que tu es tu es encore un peu petite xxx c'est pas bon,Caretaker,4,ADJ,,
ski,17793067,qu'est-ce que tu voudras emmener comme jouets au ski,Mother,2,NOUN,,
contre,17958958,c'est mm c'est contre un lavabo,Target_Child,1,PREP,ADP,
chèvre,17993488,vache chèvre,Mother,1,ADJ,NOUN,
mangé,18098038,du fromage c'est bien tu as tout mangé,Mother,3,VERB,PARTICIPLE,
simplement,17869224,elle m'a dit simplement de vérifier,Investigator,1,ADV,,
lait,17990759,maman je crois elle faisait un peu de lait un peu d' eau,Mother,3,NOUN,,
fini,17957856,un mettre un jaune oui mais c'est pas fini,Friend,3,VERB,PARTICIPLE,
comment,17933949,comment ça s'appelle,Relative,4,ADV,,
il,17993228,il y a pas des concombres aussi les vertes c'est des concombres,Investigator,4,PRON,,
dormi,17999053,hier il a eu une voiture il a dormi toute la nuit avec,Mother,2,VERB,PARTICIPLE,
recrache,17817359,Antoine ne recrache pas,Mother,0,VERB,,
sinon,17975441,sinon je vois rien,Investigator,3,CCONJ,,
plusieurs,18022664,oh il a plusieurs feuilles c'est en attendant le crayon il xxx jamais de faire des avions,Mother,1,ADJ,,
méchant,18052906,et quand quand quand on est méchant il faut punir,Investigator,2,ADJ,,
promenés,17771661,quand on s'est promenés,Mother,0,VERB,PARTICIPLE,
envoyé,17817317,tu sais j'ai envoyé une photo de toi qui mange le riz avec les baguettes,Mother,1,VERB,PARTICIPLE,
hélices,17894737,c'est des hélices ça,Grandmother,0,NOUN,,
par,18070730,si moi je sortais par euh,Mother,2,PREP,ADP,
Aliyah,17784482,Aliyah,Mother,3,PROPN,NOUN,
Rosalie,17779189,moi je croyais Rosalie que c'était de la blague,Brother,1,PROPN,NOUN,
depuis,18005793,j'essaie depuis un quart d' heure de l'enlever mais,Mother,2,PREP,ADP,
jamais,17922490,on sait jamais,Investigator,2,ADV,,
terrible,17962769,mais après il c'est pas terrible,Target_Child,1,ADJ,,
courts,18066987,oh mes cheveux ils sont pas courts,Target_Child,1,ADJ,,
bain,17917555,allez viens on va enlever les habits pour aller dans le bain hop,Mother,3,NOUN,,
petits,17966687,on ne trouve pas les petits ballons donc c'est dommage,Target_Child,4,ADJ,,
mien,18023117,ah c'est le mien c'est le mien c'est le mien,Target_Child,0,PRON,,
mien,18023117,ah c'est le mien c'est le mien c'est le mien,Target_Child,0,PRON,,
à-côté,17941937,tu as vu elle laissé ses fleurs à-côté puis ses sabots,Mother,2,ADV,,
comme,17920548,comme ça lui il pousse la poussette des doudous,Target_Child,4,ADV,SCONJ,
a,18028424,ah y a la crème,Investigator,4,VERB,,
du,17929723,parce que ouvrir le paquet Guillaume il va avoir du mal,Father,4,DET,PREP,ADP
tout,17776655,Anaé je t'ouvre tout,Brother,3,ADJ,,
le,17961399,euh alors euh à-côté de l'arbre on le met,Target_Child,3,PRON,,
animaux,17811279,docteur d' animaux,Target_Child,1,NOUN,,
petits,17886913,y en a tu vois y en a des des petits des espèces de petits beauty_case donc des petits machins,Mother,4,ADJ,,
montantes,17859301,et que leur acheter des bonnes chaussures avec des tiges montantes et tout et tout c'était heu les rendre paresseux parce que le pied ne se forme pas lui-même heu,Grandmother,0,ADJ,,
ce,17892853,z avais déjà ce cube là euh,Brother,3,PRON,,
des,17783131,c'est la voiture des animaux,Mother,4,DET,PREP,ADP
oublié,17842171,je l'ai oublié,Target_Child,2,VERB,PARTICIPLE,
regarde,18010144,regarde pas regarde pas,Mother,4,VERB,,
au,17986994,tu vas voir au bout de cinq minutes ça,Father,3,PREP,ADP,
pointu,17974643,il est un peu plus pointu le a non,Mother,1,ADJ,,
uns,17935876,mais ils étaient tous meilleurs les uns que les autres,Mother,0,NOUN,,
explose,17902441,mais c'est juste que les bombes ça explose donc c'est pratique,Target_Child,0,VERB,,
foncés,17902023,essaie de faire les foncés là-bas,Mother,0,ADJ,,
me,17802869,ouais pour me pour pour me pour me faire le micro,Target_Child,3,PRON,,
pas,17929733,pas bien,Investigator,4,ADV,,
mignonne,17990959,elle est trop mignonne,Target_Child,0,ADJ,,
il,17799436,il parle le loup,Target_Child,4,PRON,,
corriger,17920909,si ma mère pouvait corriger ses masculins et ses féminins aussi rapidement,Investigator,0,VERB,,
purement,17838998,c'est purement technique,Grandmother,0,ADV,,
tu,17918732,ben tu comptes,Target_Child,4,PRON,,
sauf,17840656,oui mais sauf que moi la purée à part euh vvvt,Relative,1,PREP,ADP,
maman,17928631,xxx rien mangé maman,Friend,4,NOUN,,
fait,17823712,montre à Christophe comment il fait Antoine loulou,Grandmother,4,VERB,,
celui,17820679,ben une une autre fois yyy celui qui est qui est qui est à-côté de l'autre,Target_Child,2,PRON,,
justement,17891728,regarde la petite fille qu'est-ce qu'elle a dans les mains justement,Mother,2,ADV,,
là,17942683,là aussi là aussi là aussi,Friend,4,ADV,,
pendant,18003263,tu veux que je joue pendant que tu manges,Father,2,ADP,PREP,
fait,18029966,à la dame qui a fait le le film,Mother,4,VERB,PARTICIPLE,
autre,17792183,y en a pas d' autre là-bas des livres,Mother,3,PRON,ADJ,NOUN
rentré,18014115,oh il est rentré dans la chanson,Mother,2,VERB,PARTICIPLE,
nul,17932165,oh toi t'es aussi nul que maman,Mother,2,ADJ,,
pauvre,17940220,ah oui elle pleure parce que elle est trop pauvre elle peut plus donner à manger elle a plus assez à manger pour ses enfants,Mother,1,ADJ,,
dure,18020180,mais je reviendrai lui monter en_plus ma gynécologue elle est super dure à à avoir alors je me suis dit je vais pas la,Mother,1,ADJ,,
éteint,18013671,éteint,Mother,1,ADJ,VERB,PARTICIPLE
vu,17805482,et dis moi Anaé j'ai vu qu'y avait euh Valentin qui était revenu à l'école,Mother,3,VERB,PARTICIPLE,
lequel,17881021,lequel qui a pas de queue,Investigator,2,PRON,,
Théophile,18002971,allez on va aller non non non on va aller se baigner Théophile,Mother,4,PROPN,NOUN,
autres,17820602,tiens regardes tu en a d' autres là,Investigator,2,NOUN,,
pour,17962255,ça c'est la casserole pour_que pour ramasser des feuilles,Target_Child,4,ADP,PREP,
gros,17886978,yyy gros le loup,Target_Child,0,ADJ,,
fini,17930901,elle a presque fini Madeleine,Caretaker,2,VERB,PARTICIPLE,
gonflage,18069674,je suis une grande connaisseuse en gonflage de ballons c'est toujours moi qui les prends,Investigator,0,NOUN,,
ainsi,17812409,Grand_Ours est assis dans son fauteuil Petit_Ours est blotti dans ses bras il reste ainsi jusqu'à ce-que les bûches soient entièrement brûlées,Mother,0,ADV,,
trier,17896407,tu peux trier après xxx,Father,0,VERB,,
rince,18007885,on rince,Mother,1,VERB,,
jusque,17970954,mais l'histoire elle va pas jusque là,Mother,1,ADP,PREP,
dis,17948041,je te dis,Mother,3,VERB,,
terreur,17801206,c'est c'est la terreur la douche,Father,0,NOUN,,
mangé,18071230,il a bien mangé,Investigator,3,VERB,PARTICIPLE,
que,17875948,qu'est-ce que j'ai dit,Father,3,PRON,,
charger,18020853,attends je vais te le charger,Father,0,VERB,,
fin,17796097,oui mais mais mais à oui xxx mais mais à la fin ça,Target_Child,1,NOUN,,
très,17849611,d'accord c'est très bien,Grandmother,3,ADV,,
lapins,17796094,après les lapins ils vont aller par yyy ici,Target_Child,2,NOUN,,
cassé,17954645,est cassé,Target_Child,3,VERB,PARTICIPLE,ADJ
un,17934845,je veux un plus fort,Target_Child,2,PRON,DET,
occupé,17823432,il est occupé à,Mother,0,ADJ,PARTICIPLE,
table,17923316,c'est pour tenir la table,Target_Child,3,NOUN,,
cela,17947004,dans la forêt cela se sut vite les oiseaux ne s'envolèrent plus quand il passait sur les chemins,Mother,1,PRON,,
fait,17940533,on fait un beau pâté,Mother,4,VERB,,
Théophile,18037896,Théophile non non pas maintenant ça,Mother,4,PROPN,NOUN,
plusieurs,17801975,euh oui je crois que c'est plusieurs mois parce que y a vraiment plusieurs étapes ils font d'abord un,Mother,1,ADJ,,
ose,17866599,il ose pas,Mother,1,VERB,,
à,17970496,tu peux raconter à Martine que tu as fait du poney,Mother,4,ADP,PREP,
plein,18041165,parce que e dit plein e dit pas plein de gros mots parce que c'est un grand,Target_Child,3,ADJ,,
là,17791611,là y a écrit aujourd'hui c'est le printemps et Simon est amoureux,Mother,4,ADV,,
écrit,17975726,et du coup il a écrit sur une carte postale qu'il a laissée sur la cuisine,Target_Child,2,VERB,PARTICIPLE,
trouvée,17913344,ben voilà elle est là Zoé on l'a trouvée,Father,1,VERB,PARTICIPLE,
reparlé,17973636,ouais elle m'a reparlé de lui,Investigator,0,VERB,PARTICIPLE,
tiens,17784996,tiens,Target_Child,3,VERB,,
pour,17976022,ça c'est pour faire les bagues eh,Target_Child,4,PREP,ADP,
directement,17952122,ça ou tu peux le faire directement aussi,Friend,1,ADV,,
cachée,17833441,je te vois plus Anaé tu es cachée,Investigator,2,VERB,PARTICIPLE,
plus,18053409,tu es plus grand que Antoine,Investigator,3,ADV,,
temps,18066301,mais pendant combien de temps faut qu'il fasse ça,Visitor,3,NOUN,,
noyau,17975999,la graine est cachée à l'intérieur du noyau,Target_Child,1,NOUN,,
là,18005994,là y a l'oiseau t'as vu,Mother,4,ADV,,
a,18100542,ouais il a mangé mais y a un rot y en a un qui est passé déjà,Mother,4,VERB,AUX,
voiture,18006976,ja voiture là,Target_Child,4,NOUN,,
ainsi,17817936,ainsi font font font les petites marionnettes ainsi font font font trois petits tours,Mother,0,ADV,,
lui,17819368,non d'abord lui,Target_Child,3,PRON,,
fait,17878395,qu'est-ce qu'on fait le soir pour aller au lit quand on a quatre ans,Grandmother,4,VERB,,
reste,17989099,après l'école on reste goûter,Target_Child,2,VERB,,
fait,17850931,on fait comment,Mother,4,VERB,,
cueillir,17778041,tu veux cueillir les fleurs,Mother,0,VERB,,
était,17947637,et nous nous on et nous on était cachés nous,Target_Child,3,VERB,AUX,
gentil,17982959,tu es gentil comme un,Mother,3,ADJ,,
Felix,17988575,avec Felix et Zoé,Mother,0,PROPN,NOUN,
rouge,17775478,dans la boîte rouge,Brother,3,ADJ,,
sans,18017516,mais c'est quand_même un supplice de filmer sans pouvoir xxx,Investigator,2,PREP,ADP,
vilaine,17961488,maman elle est vilaine,Mother,1,ADJ,,
frottes,17994709,tiens Théophile tu frottes les mains de maman,Mother,1,VERB,,
chez,17901859,tout_le_monde va savoir que vous mangez du jambon chez vous,Investigator,3,PREP,ADP,
vous,17926924,oui assieds où est la chaise tenez je vous amène la chaise vous allez vous asseoir,Caretaker,3,PRON,,
chérie,17915460,attends chérie attends,Mother,0,ADJ,NOUN,
embêté,17784706,ah voilà j'ai eu l'idée du siècle mais maintenant on est bien embêté,Investigator,1,VERB,PARTICIPLE,
on,17897158,c'est bien y a trois côtés on en fait une de chaque côté alors non,Father,4,PRON,,
mal,17841087,pas mal,Investigator,3,ADV,,
Madeleine,17953223,c'est bien Madeleine,Investigator,4,PROPN,NOUN,
Provence,17993470,sinon tu peux aussi ajouter quelques petites herbes de Provence,Investigator,0,PROPN,NOUN,
mets,17853489,tu mets de la crème,Target_Child,3,VERB,,
poché,17940175,ah oeuf poché pas pas pas mollet pardon oeuf poché oeuf poché,Mother,1,ADJ,PARTICIPLE,
assez,17882453,voilà celui-là il est assez gonflé,Target_Child,2,ADV,,
joli,17976999,tu as un joli bureau il est neuf aussi lui,Investigator,3,ADJ,,
petit,17972574,regarde mon petit o,Target_Child,4,ADJ,,
jusque,17795829,jusque jusque sa maman à sa maman à sa maman,Target_Child,1,ADP,PREP,
noirs,17795874,c'est pour les petits les petits lapins noirs,Target_Child,1,ADJ,,
juste,17907024,là c'est juste que ça ça xxx énervant,Target_Child,3,ADV,,
mêmes,17765924,toujours toujours les mêmes,Mother,2,ADJ,,
du,17940238,qui est-ce qui aime faire du toboggan,Mother,4,DET,PREP,ADP
momentanément,18045243,c'est parce que je l'avais je l'avais momentanément oublié mais c'est très joli comme prénom,Visitor,0,ADV,,
lui,18042083,maintenant tu lui fais quoi à Spiderman,Investigator,4,PRON,,
au,17908160,au sommet,Mother,3,PREP,ADP,
ici,18070742,viens ici,Mother,3,ADV,,
lit,18006698,tu l'as retrouveras dans ton lit,Mother,3,NOUN,,
fatigué,17965258,il est fatigué peut-être,Friend,2,VERB,PARTICIPLE,
pêché,17886456,ah ben non on n' a pas encore pêché,Mother,1,VERB,PARTICIPLE,
lui,17881262,ben oui oui son petit maillot je lui ai mis là-bas parce qu'il m'a fait un renvoi sur la manche évidemment puis le potiron ça,Investigator,4,PRON,,
fabriqué,17896512,regarde lui il a xxx fabriqué un petit serpent bleu avec de la pâte+à+modeler,Mother,1,VERB,PARTICIPLE,
voleurs,17966226,c'est c'est c'est des voleurs qui les volent qui volent les alices,Target_Child,1,NOUN,,
autres,17919803,c'est qui les autres,Mother,2,NOUN,,
fait,17945383,comme ça hop il fait le bruit,Mother,4,VERB,,
arabe,17905230,bakesch en arabe ça veut dire non plus ou moins,Friend,0,ADJ,,
mis,17851835,il s'est réveillé facilement trois heures et demi donc j'ai mis au lit il était midi et demi il a fait deux heures de sieste,Mother,3,VERB,PARTICIPLE,
mienne,17960449,oh elle a dit c'est la mienne,Target_Child,1,PRON,,
celle,17950504,pas celle que tu as en mains l'autre celle qui est sur tu vois regarde celle-là,Mother,2,PRON,,
petit,18013388,il était un petit homme qui avait une drôle de maison,Mother,4,ADJ,,
sûr,17896714,tu es sûr qu'y aura pas une petite différence là non,Father,2,ADJ,,
livre,17864420,c'est quoi ça c'est un livre,Investigator,3,NOUN,,
magasin,17764609,eh ben en faisant les courses on a vu une souris dans le magasin,Mother,2,NOUN,,
tu,17960705,ah oui il faut qu'on prendre yyy que tu en prendes une couleur et que je que je mette une encore,Target_Child,4,PRON,,
là,17836231,qu'est-ce que c'est là,Target_Child,4,ADV,,
pas,18030796,c'est pas beau,Target_Child,4,ADV,,
lui,17817114,y a sa maman et ah la copine de sa maman qui lui a donné euh un carnet,Target_Child,4,PRON,,
ouvert,17798673,hum hum et qu'est-ce que ça a fait quand j'ai ouvert la bouteille,Mother,2,VERB,PARTICIPLE,
fichu,18019433,ouais il est un peu tout fichu j'en ai un mieux mais je sais pas où il est,Mother,0,ADJ,PARTICIPLE,
vus,17932870,moi je les avais vus,Target_Child,1,VERB,PARTICIPLE,
postale,17975716,et du coup ben il avait une carte postale,Target_Child,1,ADJ,,
à,17834062,à moi,Target_Child,4,PREP,ADP,
voulais,17978455,mais je croyais que tu voulais jouer de la guitare,Mother,2,VERB,,
joué,17967002,j'ai joué au tennis,Father,2,VERB,PARTICIPLE,
au,17954099,au fait faut pas monter là,Target_Child,3,PREP,ADP,
réouvrir,17919625,eh maman en fait euh je je vais réouvrir parce que il faut leur mettre leur chapeau,Target_Child,0,VERB,,
moi,17793407,vas_y montre moi,Mother,4,PRON,,
reconstruit,17882993,on reconstruit,Target_Child,0,VERB,,
rappelle,17836180,ah je me rappelle que tu aimais bien Mister_Bean,Investigator,2,VERB,,
samedi,17823707,parce que moi le samedi je travaille,Mother,2,NOUN,,
pauvre,17987461,oh le pauvre tiens,Mother,2,ADJ,,
vestes,17949411,parce que c'est que les papas qui ont des vestes,Target_Child,0,NOUN,,
aide,17966344,vas_y aide la euh euh Lucas,Investigator,1,VERB,,
eau,17820042,peut-être Arthur il peut t'apporter un peu d' eau,Investigator,3,NOUN,,
après,17855926,ben oui mais après oui ben après,Mother,2,ADV,,
poste,17997632,c'est tant_mieux parce que tu vois quand tu commences un premier poste,Mother,1,NOUN,,
aussitôt,18014724,et ils repartent aussitôt,Mother,0,ADV,,
petits,17820650,non ça c'est pas des petits carrés,Mother,4,ADJ,,
compliqué,17826507,tu essayes de lui faire dire chocolat aussi parce que là c'est plus compliqué,Father,2,ADJ,PART,
usé,17829850,il est bien usé quoi,Investigator,0,ADJ,PART,
gai,17965117,c'était gai,Mother,1,ADJ,,
discuté,17801033,bon tu as discuté mon chéri,Father,0,VERB,PARTICIPLE,
pense,17829889,ouais c'est à dire qu'à un moment donné il y pense plus,Investigator,2,VERB,,
tant,17904279,tant que c'est rouge tu bouges pas,Mother,0,ADV,,
mis,17896914,c'est pas bien mis,Target_Child,2,VERB,PARTICIPLE,
voudrait,17894942,oui Benny aussi il voudrait bien une tototte,Mother,1,VERB,,
sont,17868014,ils sont là les coins,Target_Child,3,VERB,,
arrête,18033374,arrête hélicoptère,Target_Child,2,VERB,,
concentré,17969288,concentré sur la mécanique,Investigator,1,ADJ,PARTICIPLE,
la,18006411,je crois qu'il veut que je chante mais moi je la connais pas,Investigator,3,PRON,,
shooté,17978539,t'es shooté là,Father,1,VERB,PARTICIPLE,
attends,18071261,ah bah attends tiens on va te montrer,Grandfather,3,VERB,,
comptes,17864689,allez tu comptes,Mother,2,VERB,,
serré,17967897,serré,Target_Child,1,ADJ,PARTICIPLE,VERB
Françoise,18070504,mamie Françoise comment elle était,Mother,2,PROPN,NOUN,
dit,17993131,et on lui a dit,Father,4,VERB,,
hier,17907262,parce que c'est tout plein à_cause de que que y a des que c'est tout mouillé parce que hier on disait qu'il y a qu'il y avait de la pluie hier alors c'est pour ça qu'on met ça,Target_Child,1,ADV,,
voilà,17884382,voilà ohlàlà ça devint costaud là,Investigator,4,ADV,,
sales,17814197,elle va être contente maman de voir tes pieds tout propres tout sales comme ça,Mother,1,ADJ,,
derrière,17957989,tu as vu l avait un avoir un autre prince derrière l'autre prince,Target_Child,1,PREP,ADP,
rare,17811972,d'ailleurs en une seule fois c'est rare hein,Father,1,ADJ,,
cassé,18027328,j'ai cassé sa main,Target_Child,3,VERB,PARTICIPLE,
en,17993281,tu en as vu,Target_Child,3,PRON,,
dans,17928936,hein qu'est-ce que t'as dans la bouche,Mother,4,PREP,ADP,
éléphants,17965949,moi z ai deux éléphants maman,Target_Child,2,NOUN,,
quasiment,18051943,hier il a quasiment pas mangé,Father,1,ADV,,
chez,18092922,ah on n' avait pas pris de bonbons ah oui on n' avait pas pris de bonbons quand on avait été chez toi,Mother,3,PREP,ADP,
celles,17850580,ah oui mais tu sais elles sont plus petites que celles de Dumbo il va avoir du mal à voler,Father,1,PRON,,
essayera,17784830,bah on essayera de le recoller dans le livre,Mother,0,VERB,,
calme,18146209,ah boum attention on se calme,Adult,2,VERB,,
violet,17800034,salade violet,Target_Child,1,ADJ,,
rouge,17771934,euh rouge,Target_Child,3,ADJ,,
petit,17799913,c'est le petit chien,Target_Child,4,ADJ,,
celles,17971009,ah celles qu'on a achetées tout_à_l'heure,Mother,1,PRON,,
mis,18009312,alors du coup on a mis soleil,Mother,3,VERB,PARTICIPLE,
encore,18003890,un gâteau est-ce que tu en as pas encore,Mother,3,ADV,,
aux,17947923,ah ben non pas aux mamans xxx,Target_Child,3,PREP,ADP,
étourdi,17934221,c'est qu'il est étourdi,Mother,0,VERB,PARTICIPLE,
faim,17793912,j'en veux plus moi j'ai plus faim,Mother,3,NOUN,,
allé,17993073,non non parce que il est il était il est à allé à Stuttgart,Father,3,VERB,PARTICIPLE,
dit,18022467,bon je reconnais que c'est maman qu'il dit le plus quoi,Mother,4,VERB,,
passé,17998710,où est passé le fil,Mother,1,VERB,PARTICIPLE,
sous,17905323,tu ne veux pas être sous les sunlights mon fils,Father,2,PREP,ADP,
propre,18090584,tu as vu son nez propre,Grandfather,2,ADJ,,
ça,17935268,oui ça pique les yeux,Target_Child,4,PRON,,
était,17867652,ouh la et euh non non euh la connexion était bonne l'image était bonne et tout donc euh,Mother,3,VERB,AUX,
froide,17951265,j'ai mis de l'eau froide sur le pied,Target_Child,2,ADJ,,
ainsi,17967942,y a pour ainsi dire plus de tire+fesses,Mother,0,ADV,,
prêté,18105473,et oui c'est à Lili mais tu as vu elle a prêté à Yona,Mother,1,VERB,PARTICIPLE,
savon,17857426,on va mettre du savon viens,Mother,2,NOUN,,
trottinette,17957594,ah non alors là tu vas pas faire de trottinette,Caretaker,2,NOUN,,
combien,17792595,combien y en a,Investigator,2,ADV,,
ils,17985115,et euh tout_le_monde fait après euh quand ils disent euh quand euh la maîtresse dit euh c'est la joie des enfants ils font ouais,Target_Child,3,PRON,,
mais,17801625,oui mais c'était c'était un homme c'était un homme préhistorique le monsieur,Mother,4,CCONJ,,
fameux,17918869,oui mais de toute façon c'est un fameux trois mâts c'est toi qui la chantes Ulysse c'est pas Julie,Mother,1,ADJ,NOUN,
fait,18032282,à chaque fois il fait des petits ordinateurs,Mother,4,VERB,,
trouvé,18021107,regarde ma ma j'ai trouvé comme livre,Target_Child,3,VERB,PARTICIPLE,
chaussure,18087484,et celui-là il est on le laisse dans la chaussure,Grandfather,2,NOUN,,
plein,18042298,ouh tu as les ohlàlà Antoine tu as les doigts plein de,Friend,3,ADJ,,
pas,17771343,je ne vais pas le mettre sur ma tête ce n' est pas un chapeau,Mother,4,ADV,,
début,17834329,oui c'est vrai que sa maman elle devait accoucher début février donc elle peut accoucher un petit peu en avance,Mother,1,NOUN,,
bat,18019221,Théophile a quatre ans deux mois et il se bat avec Yona le vingt huit août deux mille neuf,Investigator,1,VERB,,
parmi,17817511,j'ai perdu mon copain répond Arthur en fouillant parmi les débris,Mother,0,PREP,ADP,
dit,17846347,tu l'appelles tu lui dit de venir,Investigator,4,VERB,,
Coyotte,18037559,tu connais Bip_Bip et Coyotte,Target_Child,0,PROPN,NOUN,
officiellement,17853875,je sais pas comment ils vont dire école halte garderie je sais pas officiellement comment ça s'appelle l'endroit où il va aller xxx,Grandmother,0,ADV,,
têtue,17948023,la plus têtue des deux ou des trois,Investigator,0,ADJ,,
que,17999703,sont les hum sont les miens parce que ça c'est un coffre,Target_Child,4,SCONJ,,
fait,17958342,j'ai fait comme ça,Sister,4,VERB,,
fatigué,17800198,et le renard il est fatigué,Friend,2,ADJ,,
petit,17798501,on dirait un petit peu la ferme là non,Mother,4,ADJ,,
sûr,17856036,tu es sûr que tu le manges,Relative,2,ADJ,,
au,18017404,c'est assorti au pyjama hein,Investigator,3,PREP,ADP,
du,17903930,et tu jettes pas hors du bain,Mother,4,PREP,ADP,
déjà,17809353,ah huit heures et demie déjà,Investigator,3,ADV,,
amour,17821413,eh pourquoi tu cries mon amour,Mother,3,NOUN,,
géant,18035452,c'est pas géant,Father,1,ADJ,,
après,17946916,tu ranges tout dans la boîte et puis après on pourra prendre les cubes en tissu pour faire une grande tour et tout casser,Mother,3,ADV,,
coincé,18101587,parce qu'il a un rototo coincé,Mother,2,ADJ,PARTICIPLE,
là,18101425,tu vois elle est là ta maman à toi,Mother,4,ADV,,
coincé,17863659,parce que je suis coincé,Investigator,2,VERB,PARTICIPLE,
enlever,17927546,je peux enlever ta serviette Madeleine,Mother,2,VERB,,
plus,18022571,plus encore le,Target_Child,3,ADV,,
Patafix,17794350,avec de la Patafix je le colle,Brother,0,PROPN,NOUN,
finie,17893678,quand la vidéo sera finie on ira changer le lange hein,Caretaker,0,ADJ,PARTICIPLE,
clair,17964662,parce que d'habitude c'est aussi gris clair,Target_Child,1,ADJ,,
par,17965798,par la fenêtre,Mother,2,PREP,ADP,
petit,17792309,mais c'est un peu plus petit quand_même,Investigator,4,ADJ,,
depuis,17820061,ah non mais la musique euh ça c'est nouveau ça c'est depuis un mois,Mother,2,PREP,ADP,
bizarrement,18010395,bizarrement Côme veut être pompier,Mother,0,ADV,,
petits,17915738,et qu'est-ce que tu cherches dans les petits trous pour savoir si c'est bien ou pas,Investigator,4,ADJ,,
congé,17879205,ah oui il a pas eu un congé aussi long que sa mère,Investigator,1,NOUN,,
caché,18065173,xxx est caché lapin,Target_Child,2,VERB,PARTICIPLE,
avec,18018599,wouah mais on dirait que tu as des ailes avec la cape,Investigator,4,PREP,ADP,
va,18001003,comment ça va les deux,Mother,4,VERB,,
sauf,17902971,ouais c'était un bon tir sauf que toi euh,Target_Child,1,PREP,ADP,
au,17968622,je la mets au début,Target_Child,3,PREP,ADP,
raconté,17950247,non mais il l'a raconté tout_à_l'heure devant la caméra,Mother,2,VERB,PARTICIPLE,
tu,17883706,je voudrais rentrer juste une seconde avant que tu ne partes,Mother,4,PRON,,
égale,17986031,alors ça égale i,Target_Child,0,VERB,,
privé,17879168,c'est privé,Investigator,0,VERB,PARTICIPLE,
enrhumé,17904668,tu enrhumé toi,Mother,0,ADJ,PARTICIPLE,VERB
donné,17909057,elle t'a pas donné un médicament,Relative,2,VERB,PARTICIPLE,
piles,18092631,faut pas trop le fatiguer après y aura plus de piles Théophile hein,Mother,2,NOUN,,
vois,17888004,tu vois c'est Alexandre,Relative,3,VERB,,
tranquilles,17904637,comme ça vous seriez plus tranquilles,Investigator,0,ADJ,,
petit,17939101,ça c'est le balai bleu comme le tablier bleu du petit garçon,Mother,4,ADJ,,
a,17956621,il a enlevé son lacet,Mother,4,VERB,AUX,
courir,17855037,après vais courir,Target_Child,1,VERB,,
est,18005208,il est où,Father,4,VERB,,
maintenant,17920417,maintenant tu t'habilles parce que c'est la journée alors tu t'habilles,Investigator,3,ADV,,
génial,17943961,c'est pas génial non plus en fait,Mother,3,ADJ,,
il,17887510,lui là il s'appelle comment je sais pas on va regarder,Father,4,PRON,,
vu,17820415,et tu as vu les découpes regarde,Father,3,VERB,PARTICIPLE,
mains,17892176,frotte les mains l'une sur l'autre,Mother,3,NOUN,,
joint,18031943,voilà toute l'équipe de yyy est heureux de vous adresser l'article ci joint nous avons pris grand soin de le réaliser pour le plaisir de l'enfant vous avez abonné et nous espérons qu'il lui apportera la même joie que la lecture de nos magazines,Mother,0,ADJ,PARTICIPLE,
Antoine,17872141,Antoine regarde moi,Father,4,PROPN,NOUN,
mal,17916502,tu sais ça va faire mal aux oreilles du bébé,Investigator,3,NOUN,,
me,17934210,www tu veux me faire manger la fleur,Mother,3,PRON,,
passé,17985186,allo Théophile tu as passé une bonne journée,Investigator,1,VERB,PARTICIPLE,
prenaient,17947526,qui prenaient le frais au bord de leur trou,Mother,0,VERB,,
le,17880691,allez tu le ranges au garage et puis on y va,Mother,3,PRON,,
à-côté,17938802,voilà à-côté,Mother,2,ADV,,
a,17964069,il a compris que ça te plaisait pas,Investigator,4,VERB,AUX,
veux,17920927,tu veux sortir du bain,Mother,4,VERB,,
alterné,17982962,je crois qu'elle mérite bien un beau bracelet alterné,Investigator,0,ADJ,,
sympa,18011414,ah sympa,Investigator,2,ADJ,,
Martinette,17934307,c'est Martinette,Mother,0,PROPN,NOUN,
ski,17929169,non pas les chaussures de ski dans les jardins c'était les après+ski rouges,Mother,2,NOUN,,
exclusivement,17877622,exclusivement exclusivement exclusivement,Relative,0,ADV,,
te,18037430,je te signale que tu es filmé hein,Relative,3,PRON,,
concentré,17884590,qu'est-ce que tu as l'air concentré xxx,Grandmother,1,ADJ,PART,
un,18092141,il en reste un,Mother,2,PRON,,
celles,17850021,elles sont pas encore assez mûres mon chéri celles qui restent,Father,1,PRON,,
elle-même,17833228,elle les dessine elle-même,Investigator,0,PRON,,
langer,17837310,on aurait besoin d' une serviette pour poser l'enfant pour le langer,Investigator,1,VERB,,
là,17858849,là Tonton_Christophe,Target_Child,4,ADV,,
sortie,17825675,maman elle l'a sortie la bavette,Mother,0,VERB,PARTICIPLE,
il,17988104,mais après le petit+déjeuner il faut en accompagner il faut qu'on en accompagne un chez le médecin,Target_Child,4,PRON,,
au,17815488,attention au pieds d' Aliyah Anaé,Mother,3,PREP,ADP,
aussi,17971384,tu aimes bien aussi,Mother,3,ADV,,
pas,17920992,c'est Nono qui l'a qui l'a laissé l'aileron ou pas,Brother,4,ADV,,
fatigué,17919571,t'es fatigué,Investigator,2,ADJ,PARTICIPLE,
sucré,17877350,oh qu'est-ce que c'est sucré leur compote dis_donc,Investigator,0,ADJ,PARTICIPLE,VERB
plusieurs,17856166,et là plusieurs jours après qu'est-ce que c'est tout ça,Investigator,1,ADJ,,
voeux,17841311,alors ça c'est quoi ça c'est pour Christophe Parisse de la part de la société générale ça doit être des voeux de fin d'année avec des gros bisous partout,Relative,0,NOUN,,
tiroir,17919124,ils ils sont dans le dans le tiroir,Mother,2,NOUN,,
as,17781830,ah y+en tu en as pas tu as mis un trésor à la place,Brother,4,VERB,,
vu,17927412,oh tu as vu elle a roulé,Mother,3,VERB,PARTICIPLE,
abîmées,17926457,tu les as abîmées toutes les deux,Mother,1,VERB,PARTICIPLE,
su,17834004,dis_donc hein ça c'est le c'est le quasiment le deuxième le premier mot multisyllabique que tu as su dire,Investigator,0,VERB,PARTICIPLE,
sous,17875820,et Titi tu montres les animaux qu'on a découvert qui pouvaient passer sous le pont,Grandmother,2,PREP,ADP,
tombé,18123321,woua tombé,Target_Child,3,ADJ,PARTICIPLE,VERB
toi,17994052,parce que un jour euh je vais faire des des faux pommes+de+terre pour toi,Target_Child,3,PRON,,
petit,17767395,et comment il s'appelle son petit lapin,Mother,4,ADJ,,
rouge,17832451,rouge,Target_Child,3,ADJ,,
droite,17788919,hin et qu'est-ce qu'il y a sur ta main droite,Mother,2,ADJ,,
avec,17875808,ah bah non une une c'est trop facile avec ta grosse voiture tu gagnes tout_le_temps,Investigator,4,PREP,ADP,
sans,17836507,ou alors euh il a pris quelque chose sans que je le vois mais,Investigator,2,PREP,ADP,
elle-même,17973071,elle-même,Investigator,0,PRON,,
entend,17929672,ils crient pas mais on les entend,Mother,2,VERB,,
a,17790863,y a des salades,Mother,4,VERB,,
tranquillement,17806523,j'essaie de trouver un endroit où on peut téléphoner tranquillement,Relative,1,ADV,,
Théophile,18045749,Théophile,Father,4,PROPN,NOUN,
remet,17861473,ah ça se remet plus,Target_Child,1,VERB,,
grosses,17779259,les grosses,Target_Child,2,NOUN,ADJ,
aussi,17845430,ben tiens Jeanne aussi elle veut l'prendre,Mother,3,ADV,,
milieu,17772479,parce que sinon il y c'est les enfants en plein milieu c'est pas très pratique pour travailler,Mother,0,NOUN,,
apparemment,17853117,ben j'étais pas au courant mais apparemment,Relative,1,ADV,,
au,17969906,et le fait que ce soit au nom de Balard m'énerve,Sister,3,PREP,ADP,
mûre,18098061,je crois pas pourrie mais pas assez mûre encore,Mother,0,ADJ,,
complètement,17914080,complètement cassés,Mother,2,ADV,,
allez,17825969,allez assis assis,Investigator,3,VERB,,
ça,17897235,oui il faut faire toujours ça,Target_Child,4,PRON,,
mauvais,17801691,tu veux pas quoi on change la couche parce que ça sent très mauvais,Mother,1,ADJ,,
brutale,17835925,tu es un peu brutale,Investigator,0,ADJ,,
à,17888398,maman va les ranger à leur place voilà,Mother,4,PREP,ADP,
entendu,17991435,tu avais bien entendu,Mother,1,VERB,PARTICIPLE,
plus,17898966,il est plus grand que moi,Investigator,3,ADV,,
envie,17933426,moi j'ai envie de faire un cours particulier,Brother,3,NOUN,,
changé,17971830,mais c'est plus la avant c'était la classe des escargots mais maintenant ça a changé changé,Target_Child,2,VERB,PARTICIPLE,
au,18105355,qu'est-ce que t'as fait au jardin hein dis à Lili,Mother,3,PREP,,
souhaits,17865446,à tes souhaits,Relative,1,NOUN,,
cours,17999629,donc maintenant il vient chaque semaine il a cours le lundi,Mother,0,NOUN,,
ton,17980282,alors il est où ton pirouette,Mother,3,PRON,,
petit,17777888,trop grand et trop petit,Brother,4,ADJ,,
passe,17807752,alors qu'est-ce qu'il se passe là ils attendent,Investigator,2,VERB,,
donné,18043905,xxx a voulait me donner a voulait me donner la souris verte mais xxx finalement elle nous a donné elle m'a donné la souris de bronze que moi elle était pas là Sarah,Target_Child,2,VERB,PARTICIPLE,
petit,17988214,je fais vite allez un tout petit peu,Mother,4,ADJ,,
en,17910637,faut couper en deux,Target_Child,4,PREP,ADP,
déconstruis,17892551,Ulysse Julie tu ne déconstruis pas ce-que Ulysse a fait,Mother,0,VERB,,
encore,17931113,tu en veux encore moi je te donne oh dis_donc,Caretaker,3,ADV,,
sais,17785587,tu sais pas ce qu'il y a dans le jardin,Mother,3,VERB,,
libéral,18028153,non quand tu veux faire l'esthétique en en libéral maintenant les médecins les chirurgiens esthétiques ont demandé à ce-que aussi il y ait une spécialité pour les médecins même si c'est de la petite esthétique,Mother,0,ADJ,,
grandi,17989596,j'ai essayé de grandir après j'ai grandi toute seule,Friend,1,VERB,PARTICIPLE,
fanent,17975585,c'est à dire d'abord y a des fleurs ensuite elles fanent,Investigator,0,VERB,,
on,18066686,et ça on va le mettre,Target_Child,4,PRON,,
plein,17906534,alors vous allez faire plein de gâteaux,Investigator,2,ADJ,,
que,17883823,hé ben euh Louise a la même que Julie,Mother,4,PREP,,
écrire,17976853,tu apprends à écrire en attaché,Mother,2,VERB,,
voilà,18091591,voilà,Mother,4,ADV,,
pas,17869138,n'est-ce pas hein Antoine attention elle va se fâcher,Adult,4,ADV,,
mets,17857061,mets mets là où il faut,Relative,3,VERB,,
éveillés,17819417,elle ne comprend pas pourquoi eux ils ont le droit de rester éveillés alors qu'elle est prisonnière dans son lit,Mother,0,ADJ,PARTICIPLE,
banal,17989728,du lait qui sort d' une orange c'est pas banal,Sister,0,ADJ,,
bien,17936106,c'est très bien,Sister,3,ADV,,
car,17866561,je te pose dessus car c'est difficile avec les coussin de s'asseoir,Relative,1,CCONJ,,
attends,18001960,attends non Côme ce jeu là c'est vraiment pas idéal pour toi,Mother,3,VERB,,
plusieurs,17831135,eh ben c'est qu'il il refait plusieurs fois la même chose,Grandmother,1,ADJ,,
pousse-toi,17974365,pousse-toi,Target_Child,1,VERB_PRON,,
cache-toi,17924298,oui cache-toi et_puis je te réchauffe,Mother,1,VERB_PRON,,
celles,17926632,celles-là aussi elles sont jolies,Mother,1,PRON,,
du,17977043,du_coup alterner il nous disait qu'alterner c'était,Target_Child,1,DET,PREP,ADP